Keyword,Clicks
powerful prayers,22
powerful prayers,14
powerful prayers,14
powerful prayers,11
powerful prayers,11
powerful prayers,11
healing prayer,10
"""prayer request""",9
powerful prayers for miracles,9
prayer for peace,8
"""prayer request""",7
healing prayers for the sick,6
angel of god prayer,5
healing prayer,5
prayer for marriage,5
prayers for healing,5
powerful prayers for miracles,4
prayer for,4
prayer for marriage,4
prayer for protection,4
healing prayer for the sick,3
miracle prayers,3
powerful prayers for miracles,3
powerful prayers for miracles,3
prayer for,3
prayer for,3
prayer for marriage,3
praying for israel,3
wailing wall prayers,3
"""prayer request""",2
a prayer to god,2
angel of god prayer,2
god help me,2
god help me,2
healing prayer for the sick,2
healing prayers for the sick,2
importance of prayer,2
love prayers,2
pray for friends,2
prayer for health,2
prayer for help from god,2
prayer for marriage,2
prayer for marriage,2
prayer for marriage,2
prayer for protection,2
prayer for success,2
prayer for today,2
prayer for today,2
prayer intercessors,2
prayer requests online,2
prayer to god,2
prayers for healing,2
prayers for help,2
prayers for the sick,2
prayers request,2
praying the psalms,2
the power of prayer,2
wailing wall prayers,2
"""prayer request""",1
a healing prayer,1
a prayer for strength,1
a prayer to god,1
a prayer to god,1
a prayer to god,1
catholic healing prayer,1
effective prayer,1
effective prayer,1
effective prayer,1
god help me,1
gods prayer,1
healing prayer for the sick,1
healing prayer for the sick,1
healing prayers,1
healing prayers for the sick,1
healing prayers for the sick,1
healing prayers for the sick,1
healing prayers for the sick,1
importance of prayer,1
importance of prayer,1
importance of prayer,1
intercessory prayer,1
intercessory prayer,1
intercessory prayer,1
jerusalem prayer wall,1
jerusalem prayer wall,1
love prayer,1
love prayer,1
love prayers,1
love prayers,1
love prayers,1
miracle healing prayer,1
miracle prayer,1
online praying,1
powerful prayer,1
powerful prayers for miracles,1
pray for life,1
pray pray,1
prayer for,1
prayer for a home,1
prayer for forgiveness,1
prayer for forgiveness,1
prayer for forgiveness,1
prayer for forgiveness,1
prayer for forgiveness,1
prayer for forgiveness,1
prayer for guidance,1
prayer for health,1
prayer for help,1
prayer for help from god,1
prayer for help from god,1
prayer for peace,1
prayer for peace,1
prayer for protection,1
prayer for sick,1
prayer for strength,1
prayer for success,1
prayer for the day,1
prayer for today,1
prayer for today,1
prayer for wisdom,1
prayer for wisdom,1
prayer for women,1
prayer intercessors,1
prayer lines,1
prayer list,1
prayer of the day,1
prayer of the faithful,1
prayer of the faithful,1
prayer of the faithful,1
prayer request for healing,1
prayer requests online,1
prayer requests online,1
prayer requests online,1
prayer to god,1
prayers for healing,1
prayers for healing,1
prayers for healing,1
prayers for hope,1
prayers for strength,1
prayers for the home,1
prayers for the home,1
prayers for women,1
prayers for women,1
prayers for women,1
prayers request,1
prayers request,1
prayers to god,1
praying for america,1
praying the psalms,1
praying the word,1
praying the word,1
request for prayer,1
request for prayer,1
the power of prayer,1
the power of prayer,1
wailing wall prayers,1
 --,0
"""40 day prayer""",0
"""40 day wall prayer""",0
"""40 days at kotel""",0
"""40 days at kotel""",0
"""40 days at kotel""",0
"""40 days at kotel""",0
"""40 days at kotel""",0
"""40 days at kotel""",0
"""40 days at kotel""",0
"""40 days at the kotel""",0
"""40 days at the kotel""",0
"""40 days at the kotel""",0
"""40 days at the kotel""",0
"""40 days at the kotel""",0
"""40 days at the kotel""",0
"""40 days at the kotel""",0
"""40 days kotel""",0
"""40 days kotel""",0
"""40 days kotel""",0
"""40 days kotel""",0
"""40 days kotel""",0
"""40 days kotel""",0
"""40 days kotel""",0
"""40 days prayer""",0
"""40 days prayers""",0
"""a prayer for the sick""",0
"""daven kotel""",0
"""daven kotel""",0
"""daven kotel""",0
"""daven kotel""",0
"""daven kotel""",0
"""daven kotel""",0
"""daven kotel""",0
"""daven kotel""",0
"""divine mercy prayer request""",0
"""emergency prayer request""",0
"""healing pray""",0
"""healing prayer""",0
"""healing prayers""",0
"""i need prayer""",0
"""jewish prayer""",0
"""kotel pray""",0
"""kotel pray""",0
"""kotel pray""",0
"""kotel pray""",0
"""kotel pray""",0
"""kotel pray""",0
"""kotel pray""",0
"""kotel prayer""",0
"""kotel prayer""",0
"""kotel prayer""",0
"""kotel prayer""",0
"""kotel prayer""",0
"""kotel prayer""",0
"""kotel prayer""",0
"""kotel prayers""",0
"""kotel prayers""",0
"""kotel prayers""",0
"""kotel prayers""",0
"""kotel prayers""",0
"""kotel prayers""",0
"""kotel prayers""",0
"""online prayer""",0
"""pray at kotel""",0
"""pray at kotel""",0
"""pray at kotel""",0
"""pray at kotel""",0
"""pray at kotel""",0
"""pray at kotel""",0
"""pray at kotel""",0
"""pray at the wall""",0
"""pray for me""",0
"""pray kotel""",0
"""pray kotel""",0
"""pray kotel""",0
"""pray kotel""",0
"""pray kotel""",0
"""pray kotel""",0
"""pray kotel""",0
"""pray kotel""",0
"""prayer for 40 days""",0
"""prayer hotline""",0
"""prayer intercessors""",0
"""prayer request form""",0
"""prayer request site""",0
"""prayer request""",0
"""prayer request""",0
"""prayer request""",0
"""prayer requests healing""",0
"""prayer to god""",0
"""prayers at kotel""",0
"""prayers at kotel""",0
"""prayers at the kotel""",0
"""prayers at the western wall""",0
"""request a prayer""",0
"""send a prayer""",0
"""send prayer kotel""",0
"""send prayer kotel""",0
"""send prayer request""",0
"""send prayers kotel""",0
"""send prayers kotel""",0
"""send prayers kotel""",0
"""send prayers kotel""",0
"""send prayers kotel""",0
"""send prayers kotel""",0
"""send prayers kotel""",0
"""send prayers kotel""",0
"""shalom bayit prayer""",0
"""wailing wall pray""",0
"""wailing wall prayer""",0
"""wailing wall prayer""",0
"""wailing wall prayer""",0
"""wailing wall prayer""",0
"""wailing wall prayer""",0
"""wailing wall prayer""",0
"""wailing wall prayer""",0
"""wailing wall prayers""",0
"""wailing wall prayers""",0
"""wailing wall prayers""",0
"""wailing wall prayers""",0
"""wailing wall prayers""",0
"""wailing wall prayers""",0
"""wailing wall prayers""",0
"""western wall pray""",0
"""western wall prayer requests""",0
"""western wall prayer requests""",0
"""western wall prayer requests""",0
"""western wall prayer requests""",0
"""western wall prayer requests""",0
"""western wall prayer requests""",0
"""western wall prayer requests""",0
"""western wall prayer""",0
"""western wall prayer""",0
"""western wall prayer""",0
"""western wall prayer""",0
"""western wall prayer""",0
"""western wall prayer""",0
"""western wall prayer""",0
"""western wall prayers""",0
"""western wall prayers""",0
"""western wall prayers""",0
"""western wall prayers""",0
"""western wall prayers""",0
"""western wall prayers""",0
"""western wall prayers""",0
[miracle prayers],0
[mystical prayers],0
[pray request],0
[pray requests],0
[prayer request],0
[prayer requests],0
40 days of prayer,0
a healing prayer,0
a healing prayer,0
a healing prayer,0
a healing prayer,0
a healing prayer,0
a prayer for healing,0
a prayer for healing,0
a prayer for healing,0
a prayer for healing,0
a prayer for healing,0
a prayer for healing,0
a prayer for healing,0
a prayer for help,0
a prayer for help,0
a prayer for help,0
a prayer for help,0
a prayer for help,0
a prayer for help,0
a prayer for help,0
a prayer for strength,0
a prayer for strength,0
a prayer for strength,0
a prayer for strength,0
a prayer for strength,0
a prayer for strength,0
a prayer for today,0
a prayer for today,0
a prayer for today,0
a prayer for today,0
a prayer for today,0
a prayer for today,0
a prayer to G-d,0
a prayer to G-d,0
a prayer to G-d,0
a prayer to G-d,0
a prayer to G-d,0
a prayer to G-d,0
a prayer to god,0
a prayer to god,0
after pray,0
after pray,0
after pray,0
after pray,0
after pray,0
after pray,0
angel of god prayer,0
angel of god prayer,0
angel of god prayer,0
angel of god prayer,0
answered prayer,0
answered prayer,0
answered prayer,0
answered prayer,0
answered prayer,0
answered prayer,0
answered prayer,0
answered prayers,0
answered prayers,0
answered prayers,0
answered prayers,0
answered prayers,0
answered prayers,0
answered prayers,0
catholic healing prayer,0
catholic healing prayer,0
catholic healing prayer,0
catholic healing prayer,0
catholic healing prayer,0
divine mercy prayer,0
effective prayer,0
effective prayer,0
effective prayer,0
for prayer request,0
free prayer requests,0
god help me,0
god help me,0
god help me,0
god prayer,0
god prayer,0
god prayer,0
god prayer,0
god prayer,0
god prayer,0
god prayers,0
god prayers,0
god prayers,0
god prayers,0
god prayers,0
god prayers,0
gods prayer,0
gods prayer,0
gods prayer,0
gods prayer,0
gods prayer,0
have pray,0
have pray,0
have pray,0
have pray,0
have pray,0
have pray,0
he pray,0
he pray,0
he pray,0
he pray,0
he pray,0
he pray,0
healing power of prayer,0
healing power of prayer,0
healing power of prayer,0
healing power of prayer,0
healing power of prayer,0
healing power of prayer,0
healing pray,0
healing pray,0
healing pray,0
healing pray,0
healing pray,0
healing pray,0
healing prayer,0
healing prayer,0
healing prayer,0
healing prayer,0
healing prayer for the sick,0
healing prayer for the sick,0
healing prayer for the sick,0
healing prayer request,0
healing prayer request,0
healing prayer request,0
healing prayer request,0
healing prayer request,0
healing prayer request,0
healing prayers,0
healing prayers,0
healing prayers,0
healing prayers,0
healing prayers,0
healing prayers for others,0
healing prayers for others,0
healing prayers for others,0
healing prayers for others,0
healing prayers for others,0
healing prayers for others,0
healing prayers for the sick,0
home prayer,0
home prayer,0
home prayer,0
home prayer,0
home prayer,0
home prayer,0
home prayers,0
home prayers,0
home prayers,0
home prayers,0
home prayers,0
home prayers,0
how to get your prayers answered,0
how to get your prayers answered,0
how to get your prayers answered,0
how to get your prayers answered,0
how to get your prayers answered,0
how to get your prayers answered,0
i need a prayer,0
i need prayer now,0
importance of prayer,0
importance of prayer,0
intercessory prayer,0
intercessory prayer,0
intercessory prayer,0
intercessory prayer requests,0
intercessory prayer requests,0
intercessory prayer requests,0
intercessory prayer requests,0
intercessory prayer requests,0
intercessory prayer requests,0
jerusalem prayer wall,0
jerusalem prayer wall,0
jerusalem prayer wall,0
jerusalem prayer wall,0
jewish prayer request,0
jewish prayers,0
love prayer,0
love prayer,0
love prayer,0
love prayer,0
love prayers,0
love prayers,0
miracle healing prayer,0
miracle healing prayer,0
miracle healing prayer,0
miracle healing prayer,0
miracle healing prayer,0
miracle healing prayer,0
miracle prayer,0
miracle prayer,0
miracle prayer,0
miracle prayer,0
miracle prayer,0
miracle prayer requests,0
miracle prayer requests,0
miracle prayer requests,0
miracle prayer requests,0
miracle prayer requests,0
miracle prayer requests,0
miracle prayer requests,0
miracle prayers,0
miracle prayers,0
miracle prayers,0
miracle prayers,0
miracle prayers,0
need prayer,0
online prayer request,0
online prayer request sites,0
online prayer requests,0
online prayer requests,0
online prayer requests,0
online prayer requests,0
online prayer requests,0
online prayer requests,0
online prayer requests,0
online prayers,0
online prayers,0
online prayers,0
online prayers,0
online prayers,0
online prayers,0
online prayers,0
online prayers request,0
online praying,0
online praying,0
online praying,0
online praying,0
online praying,0
personal prayer,0
personal prayer,0
personal prayer,0
personal prayer,0
personal prayer,0
personal prayer,0
power of prayer,0
powerful prayer,0
powerful prayer,0
powerful prayer,0
powerful prayer,0
powerful prayer,0
powerful prayers,0
powerful prayers for miracles,0
powerful prayers for miracles,0
pray answered,0
pray answered,0
pray answered,0
pray answered,0
pray answered,0
pray answered,0
pray for america,0
pray for america,0
pray for america,0
pray for america,0
pray for america,0
pray for america,0
pray for friends,0
pray for friends,0
pray for friends,0
pray for friends,0
pray for friends,0
pray for healing,0
pray for healing,0
pray for healing,0
pray for healing,0
pray for healing,0
pray for healing,0
pray for health,0
pray for health,0
pray for health,0
pray for health,0
pray for health,0
pray for health,0
pray for life,0
pray for life,0
pray for life,0
pray for life,0
pray for life,0
pray for miracle,0
pray for peace,0
pray for peace,0
pray for peace,0
pray for peace,0
pray for peace,0
pray for peace,0
pray get,0
pray get,0
pray get,0
pray get,0
pray get,0
pray get,0
pray more,0
pray more,0
pray more,0
pray more,0
pray more,0
pray more,0
pray pray,0
pray pray,0
pray pray,0
pray pray,0
pray pray,0
pray to G-d,0
pray to G-d,0
pray to G-d,0
pray to G-d,0
pray to G-d,0
pray to G-d,0
pray to god,0
pray to god,0
pray to god,0
pray to god,0
pray to god,0
pray to god,0
pray today,0
pray today,0
pray today,0
pray today,0
pray today,0
pray today,0
pray wall,0
pray wall,0
pray wall,0
pray wall,0
pray wall,0
pray wall,0
pray will,0
pray will,0
pray will,0
pray will,0
pray will,0
pray will,0
pray world,0
pray world,0
pray world,0
pray world,0
pray world,0
pray world,0
prayer for,0
prayer for,0
prayer for a home,0
prayer for a home,0
prayer for a home,0
prayer for a home,0
prayer for a home,0
prayer for a miracle,0
prayer for a miracle,0
prayer for a miracle,0
prayer for a miracle,0
prayer for a miracle,0
prayer for a miracle,0
prayer for a miracle,0
prayer for cancer,0
prayer for forgiveness,0
prayer for god,0
prayer for god,0
prayer for god,0
prayer for god,0
prayer for god,0
prayer for god,0
prayer for guidance,0
prayer for guidance,0
prayer for guidance,0
prayer for guidance,0
prayer for guidance,0
prayer for healing,0
prayer for healing the sick,0
prayer for healing the sick,0
prayer for healing the sick,0
prayer for healing the sick,0
prayer for healing the sick,0
prayer for healing the sick,0
prayer for healing the sick,0
prayer for health,0
prayer for health,0
prayer for health,0
prayer for health,0
prayer for health,0
prayer for help,0
prayer for help,0
prayer for help,0
prayer for help,0
prayer for help,0
prayer for help,0
prayer for help from god,0
prayer for help from god,0
prayer for help from god,0
prayer for hope,0
prayer for hope,0
prayer for hope,0
prayer for hope,0
prayer for hope,0
prayer for hope,0
prayer for japan,0
prayer for my home,0
prayer for my home,0
prayer for my home,0
prayer for my home,0
prayer for my home,0
prayer for my home,0
prayer for peace,0
prayer for peace,0
prayer for peace,0
prayer for protection,0
prayer for protection,0
prayer for protection,0
prayer for protection,0
prayer for safety,0
prayer for safety,0
prayer for safety,0
prayer for safety,0
prayer for safety,0
prayer for safety,0
prayer for safety,0
prayer for sick,0
prayer for sick,0
prayer for sick,0
prayer for sick,0
prayer for sick,0
prayer for sick,0
prayer for strength,0
prayer for strength,0
prayer for strength,0
prayer for strength,0
prayer for strength,0
prayer for success,0
prayer for success,0
prayer for success,0
prayer for success,0
prayer for the day,0
prayer for the day,0
prayer for the day,0
prayer for the day,0
prayer for the day,0
prayer for the day,0
prayer for the sick,0
prayer for the sick,0
prayer for the sick,0
prayer for the sick,0
prayer for the sick,0
prayer for the sick,0
prayer for the sick,0
prayer for today,0
prayer for today,0
prayer for today,0
prayer for wisdom,0
prayer for wisdom,0
prayer for wisdom,0
prayer for wisdom,0
prayer for women,0
prayer for women,0
prayer for women,0
prayer for women,0
prayer for women,0
prayer god,0
prayer god,0
prayer god,0
prayer god,0
prayer god,0
prayer god,0
prayer help,0
prayer help,0
prayer help,0
prayer help,0
prayer help,0
prayer help,0
prayer help,0
prayer intercessors,0
prayer intercessors,0
prayer intercessors,0
prayer intercessors,0
prayer line,0
prayer line,0
prayer line,0
prayer line,0
prayer line,0
prayer line,0
prayer lines,0
prayer lines,0
prayer lines,0
prayer lines,0
prayer lines,0
prayer list,0
prayer list,0
prayer list,0
prayer list,0
prayer list,0
prayer of healing,0
prayer of healing,0
prayer of healing,0
prayer of healing,0
prayer of healing,0
prayer of healing,0
prayer of healing,0
prayer of the day,0
prayer of the day,0
prayer of the day,0
prayer of the day,0
prayer of the day,0
prayer of the faithful,0
prayer of the faithful,0
prayer of the faithful,0
prayer online request,0
prayer request cards,0
prayer request for healing,0
prayer request for healing,0
prayer request for healing,0
prayer request for healing,0
prayer request for healing,0
prayer request for healing,0
prayer request forms,0
prayer request healing,0
prayer request healing,0
prayer request healing,0
prayer request healing,0
prayer request healing,0
prayer request healing,0
prayer request line,0
prayer request line,0
prayer request line,0
prayer request line,0
prayer request line,0
prayer request line,0
prayer request line,0
prayer request lines,0
prayer request online,0
prayer request sites,0
prayer request template,0
prayer requests for healing,0
prayer requests for healing,0
prayer requests for healing,0
prayer requests for healing,0
prayer requests for healing,0
prayer requests for healing,0
prayer requests for healing,0
prayer requests healing,0
prayer requests healing,0
prayer requests healing,0
prayer requests healing,0
prayer requests healing,0
prayer requests healing,0
prayer requests online,0
prayer requests online,0
prayer requests online,0
prayer site,0
prayer site,0
prayer site,0
prayer site,0
prayer site,0
prayer site,0
prayer site,0
prayer sites,0
prayer sites,0
prayer sites,0
prayer sites,0
prayer sites,0
prayer sites,0
prayer sites,0
prayer to bless a home,0
prayer to bless a home,0
prayer to bless a home,0
prayer to bless a home,0
prayer to bless a home,0
prayer to bless a home,0
prayer to G-d,0
prayer to G-d,0
prayer to G-d,0
prayer to G-d,0
prayer to G-d,0
prayer to G-d,0
prayer to god,0
prayer to god,0
prayer to god,0
prayer to god,0
prayer to god for help,0
prayer to god for help,0
prayer to god for help,0
prayer to god for help,0
prayer to god for help,0
prayer to god for help,0
prayer wall,0
prayer website,0
prayer website,0
prayer website,0
prayer website,0
prayer website,0
prayer website,0
prayer websites,0
prayer websites,0
prayer websites,0
prayer websites,0
prayer websites,0
prayer websites,0
prayers for a home,0
prayers for a home,0
prayers for a home,0
prayers for a home,0
prayers for a home,0
prayers for a home,0
prayers for children,0
prayers for guidance,0
prayers for guidance,0
prayers for guidance,0
prayers for guidance,0
prayers for guidance,0
prayers for guidance,0
prayers for healing,0
prayers for healing,0
prayers for healing and strength,0
prayers for healing and strength,0
prayers for healing and strength,0
prayers for healing and strength,0
prayers for healing and strength,0
prayers for healing and strength,0
prayers for help,0
prayers for help,0
prayers for help,0
prayers for help,0
prayers for help,0
prayers for home,0
prayers for home,0
prayers for home,0
prayers for home,0
prayers for home,0
prayers for home,0
prayers for hope,0
prayers for hope,0
prayers for hope,0
prayers for hope,0
prayers for hope,0
prayers for japan,0
prayers for lent,0
prayers for lent,0
prayers for lent,0
prayers for lent,0
prayers for lent,0
prayers for lent,0
prayers for strength,0
prayers for strength,0
prayers for strength,0
prayers for strength,0
prayers for strength,0
prayers for strength,0
prayers for the home,0
prayers for the home,0
prayers for the home,0
prayers for the home,0
prayers for the sick,0
prayers for the sick,0
prayers for the sick,0
prayers for the sick,0
prayers for the sick,0
prayers for the sick,0
prayers for women,0
prayers for women,0
prayers for women,0
prayers for women,0
prayers god,0
prayers god,0
prayers god,0
prayers god,0
prayers god,0
prayers god,0
prayers online,0
prayers online,0
prayers online,0
prayers online,0
prayers online,0
prayers online,0
prayers online,0
prayers request,0
prayers request,0
prayers request,0
prayers request,0
prayers to G-d,0
prayers to G-d,0
prayers to G-d,0
prayers to G-d,0
prayers to G-d,0
prayers to G-d,0
prayers to god,0
prayers to god,0
prayers to god,0
prayers to god,0
prayers to god,0
prayers to god,0
praying for america,0
praying for america,0
praying for america,0
praying for america,0
praying for america,0
praying for healing,0
praying for healing,0
praying for healing,0
praying for healing,0
praying for healing,0
praying for healing,0
praying for israel,0
praying for israel,0
praying for israel,0
praying for israel,0
praying for israel,0
praying for the world,0
praying for the world,0
praying for the world,0
praying for the world,0
praying for the world,0
praying for the world,0
praying the psalms,0
praying the psalms,0
praying the psalms,0
praying the psalms,0
praying the word,0
praying the word,0
praying the word,0
praying the word,0
praying through,0
praying through,0
praying through,0
praying through,0
praying through,0
praying through,0
request for prayer,0
request for prayer,0
request for prayer,0
request for prayer,0
request for prayer,0
sample prayers,0
sample prayers,0
sample prayers,0
sample prayers,0
sample prayers,0
sample prayers,0
send a prayer request,0
send a prayer to god,0
send a prayer to god,0
send a prayer to god,0
send a prayer to god,0
send a prayer to god,0
send a prayer to god,0
send prayers,0
shalom prayer request,0
spiritual healing prayers,0
spiritual healing prayers,0
spiritual healing prayers,0
spiritual healing prayers,0
spiritual healing prayers,0
spiritual healing prayers,0
submit a prayer request,0
submit prayer request,0
the miracle prayer,0
the miracle prayer,0
the miracle prayer,0
the miracle prayer,0
the miracle prayer,0
the miracle prayer,0
the miracle prayer,0
the power of prayer,0
the power of prayer,0
the power of prayer,0
the power of prayer,0
urgent prayer request,0
wailing wall prayer,0
wailing wall prayer,0
wailing wall prayer,0
wailing wall prayer,0
wailing wall prayer,0
wailing wall prayer,0
wailing wall prayer request,0
wailing wall prayer request,0
wailing wall prayer request,0
wailing wall prayer request,0
wailing wall prayer request,0
wailing wall prayer request,0
wailing wall prayers,0
wailing wall prayers,0
wailing wall prayers,0
we will pray for you,0
we will pray for you,0
we will pray for you,0
we will pray for you,0
we will pray for you,0
we will pray for you,0
western wall prayers,0
western wall prayers,0
western wall prayers,0
western wall prayers,0
western wall prayers,0
western wall prayers,0
western wall prayers,0